Model,Accuracy,Precision,Recall,F1-score,ROC-AUC
Logistic Regression,0.7880434782608695,0.8571428571428571,0.7706422018348624,0.8115942028985508,0.8671559633027524
Random Forest,0.8478260869565217,0.8932038834951457,0.8440366972477065,0.8679245283018868,0.8991437308868502
SVM,0.8369565217391305,0.8910891089108911,0.8256880733944955,0.8571428571428571,0.897125382262997
KNN,0.7880434782608695,0.8723404255319149,0.7522935779816514,0.8078817733990148,0.8688073394495414
Gradient Boosting,0.8369565217391305,0.883495145631068,0.8348623853211009,0.8584905660377359,0.9097247706422018
XGBoost,0.8478260869565217,0.9175257731958762,0.8165137614678899,0.8640776699029126,0.8951681957186545
